name,position,class,height,weight,hometown,sport,year
Carson Swank,,Jr.,"5'10""",190 lbs,"Ashburn, Va.",baseball,2021
Chris Saladin,,So.,"6'5""",220 lbs,"Fairfield, Conn.",baseball,2021
Oscar Rojas,,So.,"6'1""",195 lbs,"Lompoc, Calif.",baseball,2021
Robert Ciulla,,So.,"6'2""",210 lbs,"San Francisco, Calif.",baseball,2021
Mike Walsh,,Jr.,"6'2""",200 lbs,"La Grange, Ill.",baseball,2021
Max Imhoff,,Fy.,"5'10""",186 lbs,"Ladera Ranch, Calif.",baseball,2021
Alex Frey,,Jr.,"6'1""",190 lbs,"Murrysville, Pa.",baseball,2021
Dylan Kim,,Jr.,"6'0""",190 lbs,"Southbury, Conn.",baseball,2021
Ben Gibbs,,Sr.,"6'5""",215 lbs,"Bonaire, Ga.",baseball,2021
Quinn Cleary,,Jr.,"5'10""",190 lbs,"Newton, Mass.",baseball,2021
Mick Kelley,,Fy.,"6'4""",215 lbs,"San Francisco, Calif.",baseball,2021
Reid Easterly,,So.,"6'0""",200 lbs,"Katy, Texas",baseball,2021
Mark Capell,,Fy.,"6'2""",220 lbs,"Morganville, N.J.",baseball,2021
Jamis DeKay,,So.,"6'1""",200 lbs,"Studio City, Calif.",baseball,2021
Grant Kipp,,Sr.,"6'6""",220 lbs,"Dallas, Texas",baseball,2021
Ben Metzner,,Jr.,"5'10""",190 lbs,"New York, N.Y.",baseball,2021
Clark Klitenic,,So.,"6'0""",200 lbs,"Bethesda, Md.",baseball,2021
Pierce Blohowiak,,Sr.,"6'0""",200 lbs,"Neenah, Wisc.",baseball,2021
Tommy Martin,,Fy.,"5'11""",180 lbs,"Bellevue, Wash.",baseball,2021
Mason LaPlante,,Sr.,"5'10""",175 lbs,"Allen, Texas",baseball,2021
Jimmy Chatfield,,Jr.,"6'0""",195 lbs,"San Diego, Calif.",baseball,2021
Bryant Reese,,So.,"6'1""",190 lbs,"Pacific Palisades, Calif.",baseball,2021
Jake Williams,,So.,"5'11""",180 lbs,"Murrysville, Pa.",baseball,2021
Colton Shaw,,Fy.,"6'2""",200 lbs,"Richardson, Texas",baseball,2021
Jeff Pierantoni,,So.,"6'0""",190 lbs,"Sherman Oaks, Calif.",baseball,2021
Alec Atkinson,,So.,"6'0""",180 lbs,"Brookshire, Texas",baseball,2021
Jake Gehri,,Sr.,"6'0""",200 lbs,"Buckley, Wash.",baseball,2021
Carter Kessinger,,Jr.,"6'2""",215 lbs,"Burbank, Calif.",baseball,2021
Hayden Sobecki,,Fy.,"5'10""",165 lbs,"Southlake, Texas",baseball,2021
Teddy Hague,,Gr.,"6'0""",180 lbs,"Woodbridge, Conn.",baseball,2021
AJ Gaich,,Jr.,"5'9""",185 lbs,"Medina, Ohio",baseball,2021
Quinn Cleary,,Sr.,"5'10""",190 lbs,"Newton, Mass.",baseball,2022
Mark Capell,,So.,"6'2""",220 lbs,"Morganville, N.J.",baseball,2022
Reid Easterly,,Jr.,"6'0""",200 lbs,"Katy, Texas",baseball,2022
Mick Kelley,,So.,"6'4""",215 lbs,"San Francisco, Calif.",baseball,2022
Jamis DeKay,,Sr.,"6'1""",200 lbs,"Studio City, Calif.",baseball,2022
Robert Ciulla,,Jr.,"6'2""",210 lbs,"San Francisco, Calif.",baseball,2022
Daniel Cohen,,Fy.,"6'2""",175 lbs,"Gansevoort, N.Y.",baseball,2022
Max Imhoff,,So.,"5'10""",186 lbs,"Ladera Ranch, Calif.",baseball,2022
Chris Saladin,,Jr.,"6'5""",220 lbs,"Fairfield, Conn.",baseball,2022
Oscar Rojas,,Jr.,"6'1""",195 lbs,"Lompoc, Calif.",baseball,2022
Ethan Lewis,,Fy.,"6'1""",190 lbs,"Golden, Colo.",baseball,2022
Dylan Kim,,Sr.,"6'0""",190 lbs,"Southbury, Conn.",baseball,2022
Jake Williams,,Jr.,"5'11""",180 lbs,"Murrysville, Pa.",baseball,2022
Luke Lantz,,Fy.,"6'3""",185 lbs,"Louisville, Ky.",baseball,2022
Alec Atkinson,,Jr.,"6'0""",180 lbs,"Brookshire, Texas",baseball,2022
Clark Klitenic,,Jr.,"6'0""",200 lbs,"Bethesda, Md.",baseball,2022
Josh Richardson,,Jr.,"6'2""",195 lbs,"Brookline, Mass.",baseball,2022
AJ Gaich,,Sr.,"5'9""",185 lbs,"Medina, Ohio",baseball,2022
Tommy Martin,,So.,"5'11""",180 lbs,"Bellevue, Wash.",baseball,2022
Jimmy Chatfield,,Sr.,"6'0""",195 lbs,"San Diego, Calif.",baseball,2022
Bryant Reese,,Jr.,"6'1""",190 lbs,"Pacific Palisades, Calif.",baseball,2022
Hayden Sobecki,,So.,"5'10""",165 lbs,"Southlake, Texas",baseball,2022
Ben Metzner,,Sr.,"5'10""",190 lbs,"New York, N.Y.",baseball,2022
Davis Hanson,,Fy.,"6'3""",200 lbs,"Winston-Salem, N.C.",baseball,2022
Jeff Pierantoni,,Jr.,"6'0""",190 lbs,"Sherman Oaks, Calif.",baseball,2022
Carson Swank,,Sr.,"5'10""",190 lbs,"Ashburn, Va.",baseball,2022
Colton Shaw,,So.,"6'2""",200 lbs,"Richardson, Texas",baseball,2022
Tate Evans,,Fy.,"6'0""",170 lbs,"Flower Mound, Texas",baseball,2022
Beck Milner,,Fy.,"6'1""",190 lbs,"Park City, Utah",baseball,2022
Pablo Rodriguez,,Fy.,"5'10""",180 lbs,"Santa Clarita, Calif.",baseball,2023
Teo Spadaccini,,Fy.,"6'5""",210 lbs,"Lexington, Mass.",baseball,2023
Reid Easterly,,Sr.,"6'0""",200 lbs,"Katy, Texas",baseball,2023
Mick Kelley,,Jr.,"6'4""",215 lbs,"San Francisco, Calif.",baseball,2023
Daniel Cohen,,So.,"6'2""",175 lbs,"Gansevoort, N.Y.",baseball,2023
Oscar Rojas,,Sr.,"6'1""",195 lbs,"Lompoc, Calif.",baseball,2023
Robert Ciulla,,Sr.,"6'2""",210 lbs,"San Francisco, Calif.",baseball,2023
Kaiden Dossa,,Fy.,"6'0""",195 lbs,"Mill Valley, Calif.",baseball,2023
Josh Richardson,,Sr.,"6'2""",195 lbs,"Brookline, Mass.",baseball,2023
Chris Saladin,,Sr.,"6'5""",220 lbs,"Fairfield, Conn.",baseball,2023
Amir Eltaki,,Fy.,"6'0""",210 lbs,"Franklin Lakes, N.J.",baseball,2023
Chris Diprima,,Fy.,"5'10""",195 lbs,"San Diego, Calif.",baseball,2023
Ben Winslow,,Fy.,"6'3""",210 lbs,"Charlottesville, Va.",baseball,2023
Mark Capell,,Jr.,"6'2""",220 lbs,"Morganville, N.J.",baseball,2023
Max Imhoff,,Jr.,"5'10""",195 lbs,"Ladera Ranch, Calif.",baseball,2023
Tate Evans,,So.,"6'0""",170 lbs,"Flower Mound, Texas",baseball,2023
Davis Hanson,,So.,"6'3""",200 lbs,"Winston-Salem, N.C.",baseball,2023
Colton Shaw,,Jr.,"6'2""",200 lbs,"Richardson, Texas",baseball,2023
Ethan Lewis,,So.,"6'1""",190 lbs,"Golden, Colo.",baseball,2023
Garrett Larsen,,Fy.,"5'8""",175 lbs,"Fairfield, Conn.",baseball,2023
Jake Williams,,Sr.,"5'11""",180 lbs,"Murrysville, Pa.",baseball,2023
Jeff Pierantoni,,Sr.,"6'0""",190 lbs,"Sherman Oaks, Calif.",baseball,2023
Tommy Martin,,Jr.,"5'11""",180 lbs,"Bellevue, Wash.",baseball,2023
Colin Sloan,,Fy.,"6'1""",200 lbs,"Bellaire, Texas",baseball,2023
Alec Atkinson,,Sr.,"6'0""",180 lbs,"Brookshire, Texas",baseball,2023
Hayden Sobecki,,Jr.,"5'10""",165 lbs,"Southlake, Texas",baseball,2023
Clark Klitenic,,Sr.,"6'0""",200 lbs,"Bethesda, Md.",baseball,2023
Bryant Reese,,Sr.,"6'1""",190 lbs,"Pacific Palisades, Calif.",baseball,2023
Chace Chaplin,,Fy.,"5'9""",215 lbs,"Apex, N.C.",baseball,2023
Carter Kessinger,,Sr.,"6'2""",215 lbs,"Burbank, Calif.",baseball,2023
Amir Eltaki,,So.,"6'0""",210 lbs,"Franklin Lakes, N.J.",baseball,2024
Mick Kelley,,Sr.,"6'4""",215 lbs,"San Francisco, Calif.",baseball,2024
Ben Winslow,,So.,"6'3""",210 lbs,"Charlottesville, Va.",baseball,2024
Chris Diprima,,So.,"5'10""",195 lbs,"San Diego, Calif.",baseball,2024
Daniel Cohen,,Jr.,"6'2""",175 lbs,"Gansevoort, N.Y.",baseball,2024
Levi Strahm,,So.,"5'10""",173 lbs,"Lewisville, N.C.",baseball,2024
Kaiden Dossa,,So.,"6'0""",195 lbs,"Mill Valley, Calif.",baseball,2024
Teo Spadaccini,,So.,"6'5""",210 lbs,"Lexington, Mass.",baseball,2024
Max Imhoff,,Sr.,"5'10""",195 lbs,"Ladera Ranch, Calif.",baseball,2024
Robert Ciulla,,Sr.,"6'2""",210 lbs,"San Francisco, Calif.",baseball,2024
Dylan Uribe,,Fy.,"5'9""",195 lbs,"Round Rock, Texas",baseball,2024
Mark Capell,,Sr.,"6'2""",220 lbs,"Morganville, N.J.",baseball,2024
Ricky Nunez,,Fy.,"6'1""",204 lbs,"Queens, N.Y.",baseball,2024
Pablo Rodriguez,,So.,"5'10""",180 lbs,"Santa Clarita, Calif.",baseball,2024
DJ Peterson,,Fy.,"6'0""",220 lbs,"Berwyn, Pa.",baseball,2024
Ethan Lewis,,Jr.,"6'1""",190 lbs,"Golden, Colo.",baseball,2024
Jack Ohman,,Fy.,"6'0""",175 lbs,"Mesa, Ariz.",baseball,2024
Alec Atkinson,,Sr.,"6'0""",180 lbs,"Brookshire, Texas",baseball,2024
Tommy Martin,,Sr.,"5'11""",180 lbs,"Bellevue, Wash.",baseball,2024
Chace Chaplin,,So.,"5'9""",215 lbs,"Apex, N.C.",baseball,2024
Jack Dauer,,Fy.,"6'0""",196 lbs,"Royal Oak, Mich.",baseball,2024
Jake Williams,,Sr.,"5'11""",180 lbs,"Murrysville, Pa.",baseball,2024
Brady Ruiz-Weiss,,Fy.,"5'11""",195 lbs,"Potomac, Mary.",baseball,2024
Jeff Pierantoni,,Sr.,"6'0""",190 lbs,"Sherman Oaks, Calif.",baseball,2024
Garrett Larsen,,So.,"5'8""",175 lbs,"Fairfield, Conn.",baseball,2024
Davis Hanson,,Jr.,"6'3""",200 lbs,"Winston-Salem, N.C.",baseball,2024
Owen Turner,,Fy.,"6'0""",195 lbs,"Oxford, Mich.",baseball,2024
Hayden Sobecki,,Sr.,"5'10""",165 lbs,"Southlake, Texas",baseball,2024
Alex Hwang,,Fy.,"6'1""",183 lbs,"New York, N.Y.",baseball,2024
Tate Evans,,Jr.,"6'0""",170 lbs,"Flower Mound, Texas",baseball,2024
Colin Sloan,,So.,"6'1""",200 lbs,"Bellaire, Texas",baseball,2024
Colton Shaw,,Sr.,"6'2""",200 lbs,"Richardson, Texas",baseball,2024
Levi Strahm,,Jr.,"5'10""",180 lbs,"Lewisville, N.C.",baseball,2025
Ethan Lewis,,Sr.,"6'1""",200 lbs,"Golden, Colo.",baseball,2025
Ricky Nunez,,So.,"6'1""",205 lbs,"Queens, N.Y.",baseball,2025
Teo Spadaccini,,Jr.,"6'6""",230 lbs,"Lexington, Mass.",baseball,2025
Daniel Cohen,,Sr.,"6'3""",190 lbs,"Gansevoort, N.Y.",baseball,2025
Ben Winslow,,Jr.,"6'4""",220 lbs,"Charlottesville, Va.",baseball,2025
Chace Chaplin,,Jr.,"5'9""",195 lbs,"Apex, N.C.",baseball,2025
Amir Eltaki,,Jr.,"6'1""",210 lbs,"Franklin Lakes, N.J.",baseball,2025
DJ Peterson,,So.,"6'0""",215 lbs,"Berwyn, Pa.",baseball,2025
Dylan Uribe,,So.,"5'10""",195 lbs,"Round Rock, Texas",baseball,2025
Matt Hutchinson,,Fy.,"6'3""",235 lbs,"Dallas, Texas",baseball,2025
Kaiden Dossa,,Jr.,"6'1""",200 lbs,"Mill Valley, Calif.",baseball,2025
Brett Faccio,,Fy.,"6'2""",225 lbs,"Midland, Mich.",baseball,2025
Chris Diprima,,Jr.,"5'10""",185 lbs,"San Diego, Calif.",baseball,2025
Jack Dauer,,So.,"6'0""",200 lbs,"Royal Oak, Mich.",baseball,2025
Bryce Miller,,Fy.,"5'10""",180 lbs,"San Diego, Calif.",baseball,2025
Pablo Rodriguez,,Jr.,"5'10""",185 lbs,"Santa Clarita, Calif.",baseball,2025
Davis Hanson,,Sr.,"6'3""",215 lbs,"Winston-Salem, N.C.",baseball,2025
Jack Ohman,,So.,"6'0""",180 lbs,"Mesa, Ariz.",baseball,2025
Garrett Larsen,,Jr.,"5'9""",180 lbs,"Fairfield, Conn.",baseball,2025
Brady Ruiz-Weiss,,So.,"5'10""",180 lbs,"Potomac, Mary.",baseball,2025
Matt Pearch,,Fy.,"6'2""",210 lbs,"Dunwoody, Ga.",baseball,2025
Colin Sloan,,Jr.,"6'2""",215 lbs,"Bellaire, Texas",baseball,2025
Nick West,,Fy.,"6'3""",185 lbs,"Nacogdoches, Texas",baseball,2025
Alex Hwang,,So.,"6'1""",187 lbs,"New York, N.Y.",baseball,2025
Tate Evans,,Sr.,"6'0""",180 lbs,"Flower Mound, Texas",baseball,2025
Owen Turner,,So.,"6'0""",195 lbs,"Oxford, Mich.",baseball,2025
Jackson Hays,,Fy.,"6'4""",195 lbs,"Wylie, Texas",baseball,2025
Teo Spadaccini,,Sr.,"6'6""",215 lbs,"Lexington, Mass.",baseball,2026
Max Wu,,Fy.,"6'1""",190 lbs,"Southlake, Tex.",baseball,2026
Dylan Uribe,,Jr.,"5'10""",195 lbs,"Round Rock, Texas",baseball,2026
John Ingle,,Fy.,"6'0""",205 lbs,"Concord, N.C.",baseball,2026
Ben Winslow,,Sr.,"6'3""",215 lbs,"Charlottesville, Va.",baseball,2026
Chace Chaplin,,Sr.,"5'9""",200 lbs,"Apex, N.C.",baseball,2026
Levi Strahm,,Sr.,"5'10""",170 lbs,"Lewisville, N.C.",baseball,2026
Amir Eltaki,,Sr.,"6'0""",210 lbs,"Franklin Lakes, N.J.",baseball,2026
Kaiden Dossa,,Sr.,"6'1""",200 lbs,"Mill Valley, Calif.",baseball,2026
Brett Faccio,,So.,"6'2""",215 lbs,"Midland, Mich.",baseball,2026
Jack Ohman,,Jr.,"6'0""",180 lbs,"Mesa, Ariz.",baseball,2026
DJ Peterson,,Jr.,"6'0""",200 lbs,"Berwyn, Pa.",baseball,2026
Alex Famolari,,Fy.,"6'2""",190 lbs,"Lebanon, N.J.",baseball,2026
Matt Shampine,,Fy.,"6'1""",195 lbs,"Waterford, Conn.",baseball,2026
Colin Sloan,,Sr.,"6'1""",205 lbs,"Bellaire, Texas",baseball,2026
Nick West,,So.,"6'3""",195 lbs,"Nacogdoches, Texas",baseball,2026
Jackson Hays,,So.,"6'4""",195 lbs,"Wylie, Texas",baseball,2026
Max Prejda,,Fy.,"6'0""",175 lbs,"Prague, Czechia",baseball,2026
Jack Rigabar,,Fy.,"6'1""",195 lbs,"Saratoga Springs, N.Y.",baseball,2026
Owen Turner,,Jr.,"6'0""",195 lbs,"Oxford, Mich.",baseball,2026
Bryce Miller,,So.,"5'10""",185 lbs,"San Diego, Calif.",baseball,2026
Brady Ruiz-Weiss,,Jr.,"6'0""",190 lbs,"Potomac, Mary.",baseball,2026
Devin Constantino,,Fy.,"6'0""",200 lbs,"Needham, Mass.",baseball,2026
Jack Dauer,,Jr.,"6'0""",200 lbs,"Royal Oak, Mich.",baseball,2026
Matt Pearch,,So.,"6'3""",190 lbs,"Dunwoody, Ga.",baseball,2026
Will Forte,,Fy.,"6'0""",195 lbs,"Dunwoody, Ga.",baseball,2026
Garrett Larsen,,Sr.,"5'10""",185 lbs,"Fairfield, Conn.",baseball,2026
Henry Tunney,,Fy.,"6'3""",185 lbs,"Palos Verdes, Calif.",baseball,2026
Alex Hwang,,Jr.,"6'1""",195 lbs,"New York, N.Y.",baseball,2026
Matt Hutchinson,,So.,"6'3""",240 lbs,"Dallas, Texas",baseball,2026
