hometown,corrected
"Agios Stefanos, Athens, Greece","Agios Stefanos, Attica, Greece"
"Alameda, Calf.","Alameda, Calif."
"Altherton, Calif.","Atherton, Calif."
"Aukland, New Zealand","Auckland, New Zealand"
"Birkereod, Denmark","Birkerød, Denmark"
Birthplace: Nigeria / Resident: United Kingdom,United Kingdom
"Caracas, Venezuela/Westport, Conn.","Caracas, Venezuela"
"Chatanooga, Tenn.","Chattanooga, Tenn."
"Claredon Hills, Ill.","Clarendon Hills, Ill."
"Cutchouge, N.Y.","Cutchogue, N.Y."
"Easchester, N.Y.","Eastchester, N.Y."
"Edgarton, Mass.","Edgartown, Mass."
"Edina, MN & Dallas, TX","Edina, Minn."
"Exter, N.H.","Exeter, N.H."
"Frankin, Mass.","Franklin, Mass."
"Glasglow, Scotland","Glasgow, Scotland"
"Goteburg, Sweden","Gothenburg, Sweden"
"Harrogate, England & Cape Town, South Africa","Harrogate, England"
"Hasting, New Zealand","Hastings, New Zealand"
"Hibat Tzionm, Israel","Hibat Zion, Israel"
"Holmdell, N.J.","Holmdel, N.J."
"Honululu, Hawaii","Honolulu, Hawaii"
"Hummelston, Pa.","Hummelstown, Pa."
"Ioannia, Greece","Ioannina, Greece"
"Ipswich, Mass./Windermere, Fla.","Ipswich, Mass."
"Kahuku, (O'ahu) Hawai'i","Kahuku, Hawaii"
"Kikenny, Ireland","Kilkenny, Ireland"
"Laie Malo'o, Hawaii","Laie, Hawaii"
"Los Altos, Calif. and Karmei Yosef, Israel","Los Altos, Calif."
"Loucust Valley, N.Y.","Locust Valley, N.Y."
"Madiosn, N.J.","Madison, N.J."
"Matzenback, Germany","Matzenbach, Germany"
"Melborne, Australia","Melbourne, Australia"
"Mlada Bolesav, Czech Republic","Mladá Boleslav, Czech Republic"
"Moreland Hill, Ohio","Moreland Hills, Ohio"
"Moreto-in-Marsh, United Kingdom","Moreton-in-Marsh, United Kingdom"
"Narbeth, Pa.","Narberth, Pa."
"New Canann, Conn.","New Canaan, Conn."
"Palos Versed Estates, Calif.","Palos Verdes Estates, Calif."
"Pekasie, Penn.","Perkasie, Pa."
"Phoeniz, Ariz.","Phoenix, Ariz."
"Pleven, Buglaria","Pleven, Bulgaria"
"Prauge, Czech Republic","Prague, Czech Republic"
"Puemerend, Netherlands","Purmerend, Netherlands"
"Rancho Palos Verde, Calif.","Rancho Palos Verdes, Calif."
"Rancho Sante Fe, Calif.","Rancho Santa Fe, Calif."
"Reykjavic, Iceland","Reykjavik, Iceland"
Richmond Vir.,"Richmond, Va."
"Salt Late City, Utah","Salt Lake City, Utah"
"Santa Rosa Valey, Calif.","Santa Rosa Valley, Calif."
"Seoul, South Korea/Katy, Texas","Seoul, South Korea"
"Setauklet, N.Y.","Setauket, N.Y."
"Sevenoaks, Kent (U.K.)","Sevenoaks, Kent, United Kingdom"
"Siauliai Vijoliai, Lithuania","Šiauliai, Lithuania"
"St. Alban's, Vt.","St. Albans, Vt."
"Streatley on Thames, U.K","Streatley, Berkshire, United Kingdom"
"Stroughton, Mass.","Stoughton, Mass."
"Stuffville, Ontario","Stouffville, Ontario"
"Syksville, Md.","Sykesville, Md."
"Terramungamine, New South Whales, Australia","Terramungamine, New South Wales, Australia"
"Thrakomakedones, Athens, Greece","Thrakomakedones, Attica, Greece"
"Vufflens-leChateau, Switzerland","Vufflens-le-Château, Switzerland"
"Wilsborough Green, England","Willesborough, England"
